{"business": {"precision": 0.25675675675675674, "recall": 0.07755102040816327, "f1-score": 0.11912225705329153, "support": 245.0}, "education": {"precision": 0.0, "recall": 0.0, "f1-score": 0.0, "support": 274.0}, "entertainment": {"precision": 0.17041800643086816, "recall": 0.8932584269662921, "f1-score": 0.28622862286228623, "support": 178.0}, "sports": {"precision": 0.0, "recall": 0.0, "f1-score": 0.0, "support": 137.0}, "technology": {"precision": 0.16494845360824742, "recall": 0.05925925925925926, "f1-score": 0.08719346049046321, "support": 270.0}, "accuracy": 0.17572463768115942, "macro avg": {"precision": 0.11842464335917446, "recall": 0.20601374132674294, "f1-score": 0.0985088680812082, "support": 1104.0}, "weighted avg": {"precision": 0.1247970045510206, "recall": 0.17572463768115942, "f1-score": 0.09390931356881199, "support": 1104.0}}